{"lon_jerk_av": {"0.0": {"0.0": 0.5159117305458769, "0.5": 0.003211040513766482, "1.2": 1.366400218624035e-05, "-0.5": 0.002186240349798456, "1.0": 0.0001093120174899228, "0.1": 0.06530026644804263, "0.7": 0.008703969392635102, "-0.8": 0.0029924164787866366, "-0.1": 0.07783015645282504, "-0.4": 0.003047072487531598, "0.9": 0.0005328960852633737, "-0.6": 0.0024595203935232628, "-0.3": 0.008430689348910296, "-0.2": 0.019799139167862266, "0.3": 0.0030197444831591173, "0.6": 0.005697888911662226, "0.8": 0.005410944865751178, "-0.9": 0.0007241921158707386, "1.1": 0.0001093120174899228, "0.4": 0.0027601284416205506, "0.2": 0.014183234269317483, "-0.7": 0.0033613445378151263, "-1.0": 0.0003006080480972877}, "1.0": {"0.0": 0.03646922183507549, "0.5": 0.0009564801530368245, "1.2": 0.00025961604153856664, "-0.5": 0.0016260162601626016, "1.0": 0.00020496003279360525, "0.1": 0.0069549771127963384, "0.7": 0.00195395231263237, "-0.8": 0.002309216369474619, "-0.2": 0.004153856664617066, "0.9": 0.0010384641661542666, "-0.6": 0.0013527362164377946, "-0.3": 0.003743936599029856, "-0.4": 0.0021999043519846965, "0.3": 0.001052128168340507, "0.6": 0.0021725763476122158, "0.8": 0.002227232356357177, "-0.9": 0.0012707522033203525, "1.1": 0.0010248001639680262, "0.4": 0.001052128168340507, "0.2": 0.0023228803716608595, "-0.7": 0.0032247045159527225, "-0.1": 0.00823939331830293, "-1.0": 0.0002459520393523263}, "2.0": {"0.0": 0.013554690168750426, "-0.5": 0.0005328960852633737, "1.2": 2.73280043724807e-05, "0.5": 0.0004235840677734508, "1.0": 0.00012297601967616316, "1.1": 0.0005192320830771333, "-0.2": 0.0020905923344947735, "0.7": 0.0001093120174899228, "-0.8": 0.00031427205028352804, "-0.4": 0.0003552640568422491, "0.2": 0.00020496003279360525, "0.9": 1.366400218624035e-05, "-0.6": 0.0013390722142515542, "-0.3": 0.0009974721595955454, "-0.1": 0.0015576962492314, "0.6": 0.0006148800983808157, "0.3": 0.00031427205028352804, "0.1": 0.00036892805902848943, "-0.9": 0.001093120174899228, "0.8": 2.73280043724807e-05, "0.4": 0.0006695361071257771, "-0.7": 0.0005738880918220947, "-1.0": 2.73280043724807e-05}, "3.0": {"0.0": 0.006189792990366878, "-0.5": 8.19840131174421e-05, "0.4": 0.0002459520393523263, "0.2": 2.73280043724807e-05, "-0.7": 8.19840131174421e-05, "0.6": 8.19840131174421e-05, "-0.9": 4.099200655872105e-05, "-0.8": 6.832001093120175e-05, "-0.6": 0.00025961604153856664, "-0.3": 0.0002459520393523263, "-0.1": 0.00017763202842112455, "-0.2": 0.0001366400218624035, "-0.4": 6.832001093120175e-05, "0.5": 0.0002186240349798456}, "4.0": {"0.0": 0.002035936325749812, "-0.5": 4.099200655872105e-05, "-0.2": 8.19840131174421e-05, "-0.3": 8.19840131174421e-05, "-0.4": 2.73280043724807e-05}, "5.0": {"0.0": 0.0001639680262348842, "-0.3": 2.73280043724807e-05}, "-2.0": {"0.0": 0.012803170048507208, "-0.5": 0.0002186240349798456, "0.1": 0.0006968641114982578, "-0.7": 8.19840131174421e-05, "0.3": 1.366400218624035e-05, "-0.3": 0.0011204481792717086, "0.7": 1.366400218624035e-05, "-0.6": 0.0005192320830771333, "-0.4": 0.0003552640568422491, "-0.1": 0.0007378561180569789, "-0.2": 0.0007378561180569789}, "-3.0": {"0.0": 0.0018856323017011683, "-0.1": 0.0002459520393523263, "-0.2": 0.0003279360524697684, "0.1": 2.73280043724807e-05}, "-1.0": {"0.0": 0.07814442850310856, "0.5": 0.000546560087449614, "1.0": 5.46560087449614e-05, "0.2": 0.0012570882011341121, "0.4": 0.000860832137733142, "-0.7": 0.0006422081027532964, "0.8": 0.0005738880918220947, "0.6": 9.564801530368245e-05, "0.3": 0.0006012160961945754, "0.1": 0.007979777276764364, "-0.9": 0.00017763202842112455, "-0.8": 0.0006285441005670561, "0.9": 8.19840131174421e-05, "-0.3": 0.004399808703969393, "-0.6": 0.0021315843410534946, "0.7": 0.00047824007651841227, "-0.1": 0.004878048780487805, "-0.2": 0.006599713055954089, "-0.4": 0.000860832137733142, "-0.5": 0.0008335041333606614}}, "lat_jerk_av": {"0.0": {"0.0": 0.5475438956070233, "0.5": 0.0027191364350618295, "1.2": 0.00023228803716608595, "-0.5": 0.002965088474414156, "1.0": 0.0002186240349798456, "0.1": 0.06080480972876956, "0.7": 0.006750017080002732, "-0.8": 0.0030607364897178384, "-0.1": 0.07169501947120312, "-0.4": 0.004563776730204277, "0.9": 0.000860832137733142, "-0.6": 0.004768736762997882, "-0.3": 0.014306210288993646, "-0.2": 0.0273280043724807, "0.3": 0.0034569925531188084, "0.6": 0.004481792717086834, "0.8": 0.004550112728018037, "-0.9": 0.0011204481792717086, "1.1": 0.0010111361617817858, "0.4": 0.00351164856186377, "0.2": 0.014292546286807406, "-0.7": 0.003443328550932568, "-1.0": 0.00020496003279360525}, "1.0": {"0.0": 0.05897383343581335, "0.5": 0.000901824144291863, "1.2": 1.366400218624035e-05, "-0.5": 0.0009154881464781034, "1.0": 1.366400218624035e-05, "0.1": 0.011860353897656623, "-0.2": 0.0028967684634829544, "0.7": 0.002377536380405821, "-0.8": 0.0014347202295552368, "-0.1": 0.009209537473525996, "0.9": 0.00034160005465600873, "-0.6": 0.0012980802076928333, "-0.3": 0.0022135683541709365, "-0.4": 0.0008881601421056228, "0.3": 0.0004235840677734508, "0.6": 0.0016943362710938033, "0.8": 0.0018856323017011683, "-0.9": 0.0007241921158707386, "1.1": 0.0004372480699596912, "0.4": 0.0009564801530368245, "0.2": 0.0016806722689075631, "-0.7": 0.0018446402951424472, "-1.0": 0.00034160005465600873}, "2.0": {"0.5": 0.00017763202842112455, "0.0": 0.0006832001093120175, "0.4": 0.0003279360524697684, "0.8": 0.0001639680262348842, "-0.3": 0.00015030402404864386, "0.1": 0.00036892805902848943, "0.3": 6.832001093120175e-05, "-0.7": 0.000273280043724807, "0.6": 0.0004509120721459315, "0.2": 2.73280043724807e-05, "-0.9": 0.0003006080480972877, "-0.4": 8.19840131174421e-05, "0.9": 1.366400218624035e-05, "-0.6": 0.0002459520393523263, "0.7": 0.0001912960306073649, "-0.1": 0.0003006080480972877, "-0.2": 6.832001093120175e-05, "-0.8": 0.00028694404591104734, "-0.5": 0.0004235840677734508}, "3.0": {"-0.5": 5.46560087449614e-05, "0.5": 2.73280043724807e-05, "0.4": 0.0001639680262348842, "0.8": 2.73280043724807e-05, "0.1": 4.099200655872105e-05, "-0.9": 5.46560087449614e-05, "-0.3": 6.832001093120175e-05, "-0.6": 8.19840131174421e-05, "-0.8": 1.366400218624035e-05, "0.0": 2.73280043724807e-05}, "4.0": {"0.0": 1.366400218624035e-05, "-0.6": 1.366400218624035e-05, "0.1": 1.366400218624035e-05}, "5.0": {"0.0": 1.366400218624035e-05}, "-1.0": {"0.0": 0.05891917742706839, "0.5": 0.0011887681902029105, "1.2": 5.46560087449614e-05, "-0.5": 0.0007925121268019402, "1.0": 0.00025961604153856664, "0.1": 0.007952449272391884, "0.7": 0.0017489922798387648, "-0.8": 0.0011204481792717086, "-0.2": 0.003484320557491289, "0.9": 0.0003552640568422491, "-0.6": 0.001284416205506593, "-0.3": 0.0022135683541709365, "-0.4": 0.001325408212065314, "0.3": 0.0006968641114982578, "0.6": 0.0016943362710938033, "0.8": 0.0013800642208102753, "-0.9": 0.0007241921158707386, "1.1": 0.00020496003279360525, "0.4": 0.0006285441005670561, "0.2": 0.0019676163148186106, "-0.7": 0.0017626562820250052, "-0.1": 0.012338593974175036, "-1.0": 2.73280043724807e-05}, "-4.0": {"-0.5": 0.0001366400218624035, "0.0": 1.366400218624035e-05, "-0.8": 8.19840131174421e-05}, "-3.0": {"0.5": 0.0001093120174899228, "-0.5": 0.00015030402404864386, "0.1": 2.73280043724807e-05, "-0.7": 0.0001093120174899228, "0.3": 0.0001639680262348842, "0.6": 2.73280043724807e-05, "-0.9": 8.19840131174421e-05, "-0.6": 1.366400218624035e-05, "-0.2": 2.73280043724807e-05, "-0.8": 8.19840131174421e-05, "0.0": 5.46560087449614e-05}, "-2.0": {"0.5": 0.00023228803716608595, "0.0": 0.0009154881464781034, "0.8": 0.00023228803716608595, "-0.5": 8.19840131174421e-05, "-0.7": 0.0005328960852633737, "0.1": 0.00025961604153856664, "0.3": 0.0001912960306073649, "0.6": 0.00031427205028352804, "0.2": 2.73280043724807e-05, "-0.9": 0.0003006080480972877, "-0.8": 0.00023228803716608595, "0.9": 9.564801530368245e-05, "-0.6": 0.0003552640568422491, "-0.3": 9.564801530368245e-05, "0.7": 0.0001912960306073649, "-0.1": 0.00012297601967616316, "-0.4": 5.46560087449614e-05,